
/*------------------------------------------------------------------
  더미 데이터
------------------------------------------------------------------*/

INSERT INTO vendor (vendor_id,vendor_name,phone,address) VALUES
 ( 1,'본사','02-111-2222','서울 종로구 편의점 본사 1'),
 ( 2,'오리온','02-333-4444','서울 서초구 2'),
 ( 3,'팔도','02-555-6666','서울 성동구 3'),
 ( 4,'코카콜라','02-777-8888','서울 용산구 4'),
 ( 5,'하이트진로','02-999-0000','서울 강남구 5'),
 ( 6,'롯데칠성','02-121-2121','서울 송파구 6'),
 ( 7,'동원','02-3434-5656','서울 마포구 7'),
 ( 8,'농심','02-7878-9090','서울 강서구 8'),
 ( 9,'빙그레','02-6767-4545','경기 고양시 9'),
(10,'SPC삼립','02-9898-1919','경기 성남시 10'),
(11,'콩콩커피','02-222-3333','서울 강남구 커피대로 11'),
(12,'데일리빈'      ,'02-555-9999','서울 서대문구 합정로 12'),
(13,'마운틴로스터스','051-666-8888','부산 해운대구 센텀중앙로 13'),
(14,'씨티카페'      ,'053-777-6666','대구 수성구 달구벌대로 14');


INSERT INTO product (product_upc,name,brand,size,package_type,price,vendor_id) VALUES
 -- 스낵·음료·생활용품 10종
 (8801111000001,'초코파이(12개)'      ,'오리온'    ,'468g' ,'BOX'   ,4200 ,2),
 (8801111000002,'포카칩 오리지널'     ,'오리온'    ,'66g'  ,'BAG'   ,1800 ,2),
 (8801046290460,'울샴푸 교복워시 1L'  ,'LG생활건강','1L'   ,'BOTTLE',5100 ,1),
 (8809146890123,'코카콜라 500ml'      ,'코카콜라'  ,'500ml','PET'   ,2000 ,4),
 (8809400001111,'하이트맥주 500ml'    ,'하이트'    ,'500ml','CAN'   ,2300 ,5),
 (8801051034851,'피지 프로클린젤 2.7L','LG생활건강','2.7L' ,'BOTTLE',11900,1),
 (8809107600814,'슈가버블 세탁세제 2.4L','슈가버블','2.4L' ,'BOTTLE',8900 ,6),
 (8809012345000,'진라면 매운맛'      ,'농심'      ,'120g' ,'BAG'   ,950  ,8),
 (8809201234567,'참치마요 삼각김밥'  ,'동원'      ,'100g' ,'WRAP'  ,1300 ,7),
 (8809309876543,'빵빠레 바닐라'      ,'빙그레'    ,'90ml' ,'BAR'   ,1200 ,9),

 -- 커피 6종 (콩콩커피)
 (8805555000001,'콩콩 아메리카노 250ml','콩콩커피','250ml','PET',2500,11),
 (8805555000002,'콩콩 라떼 250ml'      ,'콩콩커피','250ml','PET',2700,11),
 (8805555000003,'콩콩 디카페인 아메리카노 250ml'  ,'콩콩커피','250ml','PET',2600,11),
 (8805555000004,'콩콩 콜드브루 250ml' ,'콩콩커피','250ml','PET',2800,11),
 (8805555000005,'콩콩 모카 250ml'      ,'콩콩커피','250ml','PET',2700,11),
 (8805555000006,'콩콩 헤이즐넛 250ml'  ,'콩콩커피','250ml','PET',2750,11),
 (8807777000001,'콩콩 콜드브루 500ml'  ,'콩콩커피','500ml','PET',3200,11),
 (8807777000002,'콩콩 스위트라떼 500ml','콩콩커피','500ml','PET',3300,11),

 -- 데일리빈 5종
 (8808888000001,'데일리빈 아메리카노 300ml',   '데일리빈','300ml','PET',3100,12),
 (8808888000002,'데일리빈 바닐라 300ml',     '데일리빈','300ml','PET',3200,12),
 (8808888000003,'데일리빈 콜드브루 500ml',   '데일리빈','500ml','PET',3400,12),
 (8808888000004,'데일리빈 카라멜마끼아또 350ml','데일리빈','350ml','PET',3300,12),
 (8808888000005,'데일리빈 헤이즐넛 라떼 350ml','데일리빈','350ml','PET',3350,12),

 -- 마운틴로스터스 5종
 (8809999000001,'마운틴 아메리카노 350ml',   '마운틴로스터스','350ml','PET',3000,13),
 (8809999000002,'마운틴 라떼 350ml',         '마운틴로스터스','350ml','PET',3200,13),
 (8809999000003,'마운틴 카푸치노 300ml',     '마운틴로스터스','300ml','PET',3150,13),
 (8809999000004,'마운틴 모카 300ml',         '마운틴로스터스','300ml','PET',3250,13),
 (8809999000005,'마운틴 콜드브루 500ml',     '마운틴로스터스','500ml','PET',3500,13),

 -- 씨티카페 5종
 (8811111000001,'씨티카페 에스프레소 60ml',    '씨티카페','60ml', 'SHOT',1800,14),
 (8811111000002,'씨티카페 아메리카노 300ml',  '씨티카페','300ml','CUP' ,3100,14),
 (8811111000003,'씨티카페 아메리카노 350ml',   '씨티카페','350ml','PET',3300,14),
 (8811111000004,'씨티카페 헤이즐넛 라떼 350ml','씨티카페','350ml','PET',3350,14),
 (8811111000005,'씨티카페 콜드브루 500ml',   '씨티카페','500ml','PET',3600,14),

 -- 기타 스낵·음료 8종
 (8803333000001,'팔도비빔면'         ,'팔도'      ,'130g','BAG' ,1000,3),
 (8801234500001,'포테이토칩 치즈'     ,'오리온'    ,'70g' ,'BAG' ,1900,2),
 (8802234500002,'바나나우유 240ml'   ,'빙그레'    ,'240ml','PET',1800,9),
 (8803234500003,'물티슈 100매'       ,'LG생활건강','100매','PACK',2500,1),
 (8804234500004,'제로사이다 355ml'   ,'코카콜라'  ,'355ml','CAN' ,1900,4),
 (8805234500005,'핫바 BBQ'           ,'SPC'       ,'80g' ,'STICK',1500,10),
 (8806234500006,'사과 1개'           ,'농심'      ,'150g','EA'  ,1200,8),
 (8807134500007,'견과류 믹스 30g'    ,'오리온'    ,'30g' ,'BAG' ,1700,2);


INSERT INTO store (store_id, name, address, ownership_type, open_time, close_time) VALUES
 (101,'강남역점'    ,'서울 강남구 테헤란로 1','FRANCHISE','00:00','00:00'),
 (102,'홍대입구점'  ,'서울 마포구 와우산로 2','CORPORATE','07:00','02:00'),
 (103,'잠실새내점'  ,'서울 송파구 올림픽로 3','FRANCHISE','06:00','24:00'),
 (104,'종로3가점'   ,'서울 종로구 돈화문로 4','CORPORATE','00:00','00:00'),
 (105,'부산서면점'  ,'부산 진구 중앙대로 5'  ,'FRANCHISE','00:00','00:00'),
 (106,'대전둔산점'  ,'대전 서구 둔산로 6'    ,'CORPORATE','06:00','02:00'),
 (107,'대구동성로점','대구 중구 동성로 7'    ,'FRANCHISE','00:00','00:00'),
 (108,'광주상무점'  ,'광주 서구 상무대로 8'  ,'CORPORATE','07:00','24:00'),
 (109,'수원역점'    ,'경기 수원시 덕영대로 9','FRANCHISE','00:00','00:00'),
 (110,'인천송도점'  ,'인천 연수구 송도과학로10','CORPORATE','06:00','02:00');

INSERT INTO customer (customer_id,name,phone,email,loyalty_status) VALUES
 ( 1,'김하진','010-1010-1010','cust1@example.com','VIP'),
 ( 2,'이세영','010-2020-2020','cust2@example.com','GOLD'),
 ( 3,'박도현','010-3030-3030','cust3@example.com','SILVER'),
 ( 4,'최수빈','010-4040-4040','cust4@example.com','NONE'),
 ( 5,'정우석','010-5050-5050','cust5@example.com','VIP'),
 ( 6,'조은지','010-6060-6060','cust6@example.com','GOLD'),
 ( 7,'오지훈','010-7070-7070','cust7@example.com','NONE'),
 ( 8,'한수연','010-8080-8080','cust8@example.com','SILVER'),
 ( 9,'윤태현','010-9090-9090','cust9@example.com','GOLD'),
(10,'강민서','010-1111-2222','cust10@example.com','VIP'),
(11,'서지호','010-2222-3333','cust11@example.com','NONE'),
(12,'문성은','010-3333-4444','cust12@example.com','SILVER'),
(13,'배도윤','010-4444-5555','cust13@example.com','NONE'),
(14,'장이현','010-5555-6666','cust14@example.com','GOLD'),
(15,'송지민','010-6666-7777','cust15@example.com','VIP');


INSERT INTO stock (product_upc, store_id, inventory_level, reorder_threshold, reorder_quantity) VALUES
(8801111000001,102,99,35,16),
(8801111000001,103,33,8,4),
(8801111000001,104,91,69,12),
(8801111000001,105,80,54,5),
(8801111000001,106,8,1,4),
(8801111000001,107,34,32,39),
(8801111000001,108,8,3,12),
(8801111000001,109,88,69,54),
(8801111000001,110,33,28,38),
(8801111000002,101,40,0,3),
(8801111000002,102,94,54,44),
(8801111000002,103,40,9,7),
(8801111000002,104,48,6,3),
(8801111000002,105,53,6,12),
(8801111000002,106,49,38,17),
(8801111000002,107,10,7,4),
(8801111000002,108,53,5,9),
(8801111000002,109,42,40,40),
(8801111000002,110,51,36,13),
(8801046290460,101,95,8,2),
(8801046290460,102,89,29,19),
(8801046290460,103,15,13,8),
(8801046290460,104,17,12,9),
(8801046290460,105,63,40,24),
(8801046290460,106,25,11,12),
(8801046290460,107,31,21,9),
(8801046290460,108,94,87,83),
(8801046290460,109,14,9,6),
(8801046290460,110,73,31,11),
(8809146890123,101,64,48,18),
(8809146890123,102,86,71,29),
(8809146890123,103,92,41,50),
(8809146890123,104,12,3,1),
(8809146890123,105,45,25,18),
(8809146890123,106,13,3,10),
(8809146890123,107,96,40,14),
(8809146890123,108,88,63,51),
(8809146890123,109,87,58,19),
(8809146890123,110,38,8,8),
(8809400001111,101,100,71,69),
(8809400001111,102,38,37,28),
(8809400001111,103,79,51,24),
(8809400001111,104,33,8,17),
(8809400001111,105,68,11,2),
(8809400001111,106,19,4,11),
(8809400001111,107,25,21,14),
(8809400001111,108,81,8,13),
(8809400001111,109,53,38,30),
(8809400001111,110,72,32,36),
(8801051034851,101,6,5,12),
(8801051034851,102,19,17,25),
(8801051034851,103,39,21,4),
(8801051034851,104,42,27,11),
(8801051034851,105,63,0,5),
(8801051034851,106,69,22,7),
(8801051034851,107,85,38,41),
(8801051034851,108,69,25,10),
(8801051034851,109,52,48,11),
(8801051034851,110,74,67,1),
(8809107600814,101,81,41,32),
(8809107600814,102,7,0,6),
(8809107600814,103,44,15,2),
(8809107600814,104,35,5,2),
(8809107600814,105,98,62,9),
(8809107600814,106,73,16,5),
(8809107600814,107,89,60,22),
(8809107600814,108,38,33,39),
(8809107600814,109,59,13,18),
(8809107600814,110,98,88,26),
(8809012345000,101,96,39,26),
(8809012345000,102,90,83,48),
(8809012345000,103,61,57,67),
(8809012345000,104,62,7,8),
(8809012345000,105,33,4,6),
(8809012345000,106,7,4,9),
(8809012345000,107,34,14,1),
(8809012345000,108,14,11,21),
(8809012345000,109,12,3,2),
(8809012345000,110,9,5,2),
(8809201234567,101,70,30,18),
(8809201234567,102,90,62,28),
(8809201234567,103,74,16,24),
(8809201234567,104,78,73,61),
(8809201234567,105,36,30,27),
(8809201234567,106,29,3,2),
(8809201234567,107,89,55,46),
(8809201234567,108,59,26,30),
(8809201234567,109,98,6,4),
(8809201234567,110,12,6,11),
(8809309876543,101,18,7,7),
(8809309876543,102,29,17,15),
(8809309876543,103,22,13,6),
(8809309876543,104,40,29,16),
(8809309876543,105,14,7,4),
(8809309876543,106,11,10,18),
(8809309876543,107,6,0,4),
(8809309876543,108,26,13,16),
(8809309876543,109,66,27,26),
(8809309876543,110,12,2,7),
(8805555000001,101,5,3,5),
(8805555000001,102,63,18,14),
(8805555000001,103,94,93,101),
(8805555000001,104,76,62,20),
(8805555000001,105,29,9,7),
(8805555000001,106,12,9,18),
(8805555000001,107,12,11,11),
(8805555000001,108,12,0,10),
(8805555000001,109,66,64,68),
(8805555000001,110,25,1,9),
(8805555000002,101,15,13,6),
(8805555000002,102,13,9,3),
(8805555000002,103,91,30,26),
(8805555000002,104,20,18,8),
(8805555000002,105,79,76,6),
(8805555000002,106,84,10,14),
(8805555000002,107,89,74,73),
(8805555000002,108,71,40,17),
(8805555000002,109,31,21,23),
(8805555000002,110,45,15,9),
(8805555000003,101,55,8,10),
(8805555000003,102,63,20,30),
(8805555000003,103,14,0,8),
(8805555000003,104,84,72,13),
(8805555000003,105,14,8,7),
(8805555000003,106,69,33,9),
(8805555000003,107,49,4,4),
(8805555000003,108,52,18,6),
(8805555000003,109,61,53,35),
(8805555000003,110,95,38,40),
(8805555000004,101,88,67,2),
(8805555000004,102,90,70,39),
(8805555000004,103,89,13,5),
(8805555000004,104,38,7,4),
(8805555000004,105,100,70,20),
(8805555000004,106,39,18,20),
(8805555000004,107,31,22,22),
(8805555000004,108,31,21,21),
(8805555000004,109,38,32,32),
(8805555000004,110,37,3,2),
(8805555000005,101,86,54,36),
(8805555000005,102,10,0,6),
(8805555000005,103,21,20,9),
(8805555000005,104,25,23,29),
(8805555000005,105,75,54,2),
(8805555000005,106,19,2,12),
(8805555000005,107,24,17,2),
(8805555000005,108,52,37,36),
(8805555000005,109,23,13,5),
(8805555000005,110,10,4,6),
(8805555000006,101,10,5,4),
(8805555000006,102,92,31,7),
(8805555000006,103,50,49,36),
(8805555000006,104,57,39,48),
(8805555000006,105,24,7,6),
(8805555000006,106,27,13,1),
(8805555000006,107,27,23,22),
(8805555000006,108,57,51,43),
(8805555000006,109,99,31,18),
(8805555000006,110,25,22,7),
(8807777000001,101,53,2,8),
(8807777000001,102,33,12,15),
(8807777000001,103,49,19,27),
(8807777000001,104,34,14,1),
(8807777000001,105,89,24,26),
(8807777000001,106,47,17,3),
(8807777000001,107,40,22,26),
(8807777000001,108,91,68,43),
(8807777000001,109,8,1,5),
(8807777000001,110,27,18,9),
(8807777000002,101,9,1,10),
(8807777000002,102,60,22,21),
(8807777000002,103,60,38,33),
(8807777000002,104,19,12,19),
(8807777000002,105,29,8,2),
(8807777000002,106,95,55,1),
(8807777000002,107,71,68,26),
(8807777000002,108,51,27,5),
(8807777000002,109,90,42,40),
(8807777000002,110,45,42,8),
(8808888000001,101,97,38,33),
(8808888000001,102,44,42,27),
(8808888000001,103,46,25,19),
(8808888000001,104,75,16,7),
(8808888000001,105,58,42,25),
(8808888000001,106,91,22,20),
(8808888000001,107,56,35,1),
(8808888000001,108,43,18,7),
(8808888000001,109,60,50,38),
(8808888000001,110,82,41,30),
(8808888000002,101,61,28,14),
(8808888000002,102,70,60,22),
(8808888000002,103,89,10,10),
(8808888000002,104,70,42,6),
(8808888000002,105,35,19,8),
(8808888000002,106,30,4,1),
(8808888000002,107,10,3,8),
(8808888000002,108,83,9,15),
(8808888000002,109,58,56,25),
(8808888000002,110,96,89,50),
(8808888000003,101,68,51,16),
(8808888000003,102,23,20,23),
(8808888000003,103,5,0,7),
(8808888000003,104,33,11,17),
(8808888000003,105,64,6,8),
(8808888000003,106,20,14,5),
(8808888000003,107,64,40,49),
(8808888000003,108,61,39,47),
(8808888000003,109,69,54,58),
(8808888000003,110,25,23,31),
(8808888000004,101,62,16,25),
(8808888000004,102,36,17,25),
(8808888000004,103,71,62,31),
(8808888000004,104,40,28,5),
(8808888000004,105,96,36,16),
(8808888000004,106,39,21,11),
(8808888000004,107,74,10,5),
(8808888000004,108,24,7,13),
(8808888000004,109,93,19,23),
(8808888000004,110,32,4,7),
(8808888000005,101,57,21,18),
(8808888000005,102,64,53,4),
(8808888000005,103,31,26,27),
(8808888000005,104,54,49,38),
(8808888000005,105,94,2,10),
(8808888000005,106,53,30,1),
(8808888000005,107,50,19,25),
(8808888000005,108,54,53,27),
(8808888000005,109,73,69,78),
(8808888000005,110,33,31,15),
(8809999000001,101,39,27,32),
(8809999000001,102,8,6,11),
(8809999000001,103,90,86,52),
(8809999000001,104,97,21,27),
(8809999000001,105,64,16,20),
(8809999000001,106,73,3,7),
(8809999000001,107,80,72,4),
(8809999000001,108,15,10,14),
(8809999000001,109,22,14,6),
(8809999000001,110,11,4,7),
(8809999000002,101,46,13,15),
(8809999000002,102,46,21,25),
(8809999000002,103,53,17,25),
(8809999000002,104,58,16,3),
(8809999000002,105,65,2,12),
(8809999000002,106,74,6,12),
(8809999000002,107,33,4,13),
(8809999000002,108,88,5,13),
(8809999000002,109,8,3,4),
(8809999000002,110,7,4,3),
(8809999000003,101,35,8,16),
(8809999000003,102,90,14,19),
(8809999000003,103,32,29,17),
(8809999000003,104,52,10,20),
(8809999000003,105,82,14,6),
(8809999000003,106,44,6,1),
(8809999000003,107,44,36,44),
(8809999000003,108,53,25,13),
(8809999000003,109,14,9,8),
(8809999000003,110,18,9,4),
(8809999000004,101,77,5,6),
(8809999000004,102,73,54,48),
(8809999000004,103,13,8,11),
(8809999000004,104,6,3,8),
(8809999000004,105,18,13,12),
(8809999000004,106,86,58,20),
(8809999000004,107,60,11,17),
(8809999000004,108,88,34,40),
(8809999000004,109,73,61,60),
(8809999000004,110,60,52,47),
(8809999000005,101,80,34,21),
(8809999000005,102,36,5,5),
(8809999000005,103,62,15,25),
(8809999000005,104,64,48,22),
(8809999000005,105,8,7,11),
(8809999000005,106,28,15,7),
(8809999000005,107,50,16,11),
(8809999000005,108,40,38,45),
(8809999000005,109,40,35,1),
(8809999000005,110,71,24,6),
(8811111000001,101,35,26,32),
(8811111000001,102,76,30,31),
(8811111000001,103,87,62,58),
(8811111000001,104,7,0,5),
(8811111000001,105,33,25,16),
(8811111000001,106,44,42,38),
(8811111000001,107,52,30,36),
(8811111000001,108,72,44,28),
(8811111000001,109,100,70,43),
(8811111000001,110,50,44,30),
(8811111000002,101,39,19,9),
(8811111000002,102,34,7,7),
(8811111000002,103,45,7,6),
(8811111000002,104,29,6,16),
(8811111000002,105,40,37,34),
(8811111000002,106,81,36,7),
(8811111000002,107,29,9,8),
(8811111000002,108,51,11,10),
(8811111000002,109,6,5,9),
(8811111000002,110,21,8,2),
(8811111000003,101,11,8,10),
(8811111000003,102,94,16,21),
(8811111000003,103,67,13,1),
(8811111000003,104,78,36,31),
(8811111000003,105,66,56,44),
(8811111000003,106,28,1,5),
(8811111000003,107,66,14,3),
(8811111000003,108,56,31,5),
(8811111000003,109,78,6,5),
(8811111000003,110,24,18,10),
(8811111000004,101,15,3,2),
(8811111000004,102,76,53,39),
(8811111000004,103,81,79,29),
(8811111000004,104,71,48,29),
(8811111000004,105,61,19,28),
(8811111000004,106,80,54,40),
(8811111000004,107,77,7,4),
(8811111000004,108,31,20,7),
(8811111000004,109,38,5,3),
(8811111000004,110,35,11,18),
(8811111000005,101,14,2,1),
(8811111000005,102,57,28,31),
(8811111000005,103,42,2,4),
(8811111000005,104,41,18,23),
(8811111000005,105,63,4,11),
(8811111000005,106,34,16,26),
(8811111000005,107,85,75,85),
(8811111000005,108,30,13,4),
(8811111000005,109,74,28,10),
(8811111000005,110,39,9,3),
(8803333000001,101,12,2,5),
(8803333000001,102,81,72,37),
(8803333000001,103,61,7,15),
(8803333000001,104,93,38,45),
(8803333000001,105,56,17,17),
(8803333000001,106,74,63,57),
(8803333000001,107,15,9,2),
(8803333000001,108,60,47,21),
(8803333000001,109,82,32,2),
(8803333000001,110,16,7,1),
(8801234500001,101,91,34,37),
(8801234500001,102,10,2,8),
(8801234500001,103,71,56,36),
(8801234500001,104,28,18,14),
(8801234500001,105,86,62,12),
(8801234500001,106,65,44,27),
(8801234500001,107,47,20,22),
(8801234500001,108,18,5,6),
(8801234500001,109,57,44,32),
(8801234500001,110,41,25,3),
(8802234500002,101,63,5,6),
(8802234500002,102,37,20,4),
(8802234500002,103,56,55,1),
(8802234500002,104,89,69,60),
(8802234500002,105,57,3,4),
(8802234500002,106,71,46,40),
(8802234500002,107,68,56,7),
(8802234500002,108,31,8,18),
(8802234500002,109,21,9,15),
(8802234500002,110,94,62,16),
(8803234500003,101,8,3,12),
(8803234500003,102,25,9,18),
(8803234500003,103,6,4,7),
(8803234500003,104,16,7,4),
(8803234500003,105,64,15,21),
(8803234500003,106,24,15,23),
(8803234500003,107,42,32,18),
(8803234500003,109,65,31,30),
(8803234500003,110,75,18,13),
(8804234500004,101,29,19,17),
(8804234500004,102,100,17,3),
(8804234500004,103,40,26,22),
(8804234500004,104,69,34,1),
(8804234500004,105,41,19,27),
(8804234500004,106,80,74,63),
(8804234500004,107,24,14,18),
(8804234500004,108,66,44,22),
(8804234500004,109,75,69,49),
(8804234500004,110,63,59,42),
(8805234500005,101,29,22,16),
(8805234500005,102,78,49,15),
(8805234500005,103,57,2,6),
(8805234500005,104,100,60,49),
(8805234500005,105,54,42,51),
(8805234500005,106,88,19,16),
(8805234500005,107,9,2,9),
(8805234500005,108,80,42,7),
(8805234500005,109,61,6,15),
(8805234500005,110,6,5,3),
(8806234500006,101,57,55,20),
(8806234500006,102,14,7,9),
(8806234500006,103,48,39,45),
(8806234500006,104,55,41,6),
(8806234500006,105,47,43,35),
(8806234500006,106,53,20,21),
(8806234500006,107,96,62,70),
(8806234500006,108,9,1,4),
(8806234500006,109,85,36,15),
(8806234500006,110,100,11,14),
(8807134500007,101,17,3,8),
(8807134500007,102,26,22,20),
(8807134500007,103,8,0,6),
(8807134500007,104,12,4,6),
(8807134500007,105,52,27,10),
(8807134500007,106,36,33,27),
(8807134500007,107,77,23,11),
(8807134500007,108,27,2,10),
(8807134500007,109,53,39,44),
(8807134500007,110,35,31,38);


INSERT INTO sale (sale_id, date_time, payment_method, store_id) VALUES
  (10001,'2025-05-26 09:10','CARD',101),
  (10002,'2025-05-26 12:35','CASH',102),
  (10003,'2025-05-27 08:20','CARD',103),
  (10004,'2025-05-27 19:15','ETC' ,104),
  (10005,'2025-05-28 22:45','CARD',105),
  (10006,'2025-05-28 11:11','CASH',106),
  (10007,'2025-05-29 16:50','CARD',107),
  (10008,'2025-05-29 07:00','CARD',108),
  (10009,'2025-05-30 13:33','CASH',109),
  (10010,'2025-05-30 21:05','CARD',110),
  (10011,'2025-05-31 10:00','CARD',101),
  (10012,'2025-05-31 11:00','CASH',102),
  (10013,'2025-05-31 12:00','CARD',103),
  (10014,'2025-05-31 18:00','CARD',104),
  (10015,'2025-06-01 09:30','CARD',105),
  (10016,'2025-06-01 11:20','CASH',106),
  (10017,'2025-06-01 13:15','CARD',107),
  (10018,'2025-06-02 08:40','CARD',108),
  (10019,'2025-06-02 14:05','ETC' ,109),
  (10020,'2025-06-02 18:25','CARD',110),
  (10021,'2025-06-03 09:05','CARD',101),
  (10022,'2025-06-03 10:10','CASH',102),
  (10023,'2025-06-03 11:15','CARD',103),
  (10024,'2025-06-03 13:20','CARD',104),
  (10025,'2025-06-04 15:30','CASH',105),
  (10026,'2025-06-04 18:45','CARD',106),
  (10027,'2025-06-05 09:55','ETC' ,107),
  (10028,'2025-06-05 16:05','CARD',108),
  (10029,'2025-06-06 10:10','CARD',109),
  (10030,'2025-06-06 11:20','CARD',110),
  (10031,'2025-06-07 09:20','CARD',101),
  (10032,'2025-06-07 11:45','CASH',102),
  (10033,'2025-06-08 08:55','CARD',103),
  (10034,'2025-06-08 18:05','CARD',104),
  (10035,'2025-06-09 10:25','CARD',105),
  (10036,'2025-06-09 12:35','CASH',106),
  (10037,'2025-06-09 15:15','CARD',107),
  (10038,'2025-06-10 07:50','CARD',108),
  (10039,'2025-06-10 13:10','CASH',109),
  (10040,'2025-06-10 20:40','CARD',110),
  (10041,'2025-06-11 09:15','CARD',101),
  (10042,'2025-06-11 11:30','CASH',102),
  (10043,'2025-06-11 14:05','CARD',103),
  (10044,'2025-06-12 10:45','ETC',104),
  (10045,'2025-06-12 13:20','CASH',105),
  (10046,'2025-06-12 16:55','CARD',106),
  (10047,'2025-06-13 08:10','CARD',107),
  (10048,'2025-06-13 12:40','CASH',108),
  (10049,'2025-06-13 17:30','CARD',109),
  (10050,'2025-06-14 09:05','ETC',110),
  (10051,'2025-06-14 10:20','CARD',101),
  (10052,'2025-06-14 15:45','CASH',102),
  (10053,'2025-06-15 11:55','CARD',103),
  (10054,'2025-06-15 14:10','CARD',104),
  (10055,'2025-06-15 18:25','CASH',105),
  (10056,'2025-06-16 07:50','CARD',106),
  (10057,'2025-06-16 13:35','ETC',107),
  (10058,'2025-06-17 09:15','CASH',108),
  (10059,'2025-06-17 16:00','CARD',109),
  (10060,'2025-06-18 10:30','CARD',110);


/*────────── sale_customer : “회원구매”만 추가함. 비회원 구매는 포함xx─────────*/

INSERT INTO sale_customer (sale_id,customer_id) VALUES
 (10001, 1),(10002, 4),(10003, 2),
 (10005, 5),(10006, 3),(10007, 6),(10008, 8),
 (10009, 9),(10010,10),(10011, 1),(10012, 2),(10013, 3),(10014, 4),
 (10015, 5),(10016, 6),(10017, 7),(10018, 8),(10020, 9),
 (10021, 1),(10022, 2),(10023, 3),(10024, 4),(10025, 5),(10026, 6),
 (10028, 8),(10029, 9),(10030,10),(10031,11),(10032,12),(10033,13),
 (10034,14),(10035,15),(10036, 7),(10037, 8),(10038, 5),(10040, 3),
 (10041, 2),(10042, 5),(10043, 3),(10045, 1),(10046, 4),
 (10047, 6),(10048, 7),(10049, 8),(10051, 9),(10052,10),
 (10053,11),(10054,12),(10055,13),(10056,14),(10058,15),
 (10059, 1),(10060, 2);

INSERT INTO sale_line_item (sale_id, product_upc, quantity) VALUES
(10001,8809999000002,1),
(10001,8809999000004,3),
(10002,8811111000005,4),
(10002,8811111000004,3),
(10003,8811111000003,5),
(10003,8808888000005,2),
(10004,8811111000005,3),
(10004,8809201234567,2),
(10005,8809107600814,3),
(10005,8806234500006,5),
(10006,8805234500005,3),
(10006,8809309876543,1),
(10007,8809400001111,4),
(10007,8808888000004,5),
(10008,8809107600814,4),
(10008,8808888000005,3),
(10009,8806234500006,2),
(10009,8807134500007,5),
(10010,8811111000003,5),
(10010,8811111000001,3),
(10011,8809146890123,1),
(10011,8802234500002,1),
(10012,8809999000003,1),
(10012,8807134500007,5),
(10013,8811111000004,2),
(10013,8808888000004,3),
(10014,8809400001111,5),
(10014,8805555000003,2),
(10015,8805555000006,5),
(10015,8809309876543,4),
(10016,8801051034851,5),
(10016,8808888000003,4),
(10017,8809107600814,5),
(10017,8808888000002,3),
(10018,8809012345000,3),
(10018,8802234500002,5),
(10019,8805555000004,5),
(10019,8805234500005,5),
(10020,8808888000001,1),
(10020,8811111000001,5),
(10021,8809999000002,5),
(10021,8808888000003,2),
(10022,8808888000001,2),
(10022,8805555000002,2),
(10023,8801046290460,3),
(10023,8806234500006,4),
(10024,8809400001111,2),
(10024,8801051034851,2),
(10025,8801046290460,5),
(10025,8801051034851,4),
(10026,8803333000001,5),
(10026,8807777000002,2),
(10027,8805555000004,4),
(10027,8804234500004,5),
(10028,8807777000002,4),
(10028,8811111000001,3),
(10029,8801051034851,5),
(10029,8808888000003,1),
(10030,8811111000004,3),
(10030,8804234500004,2),
(10031,8805555000006,3),
(10031,8801111000002,1),
(10032,8805555000005,2),
(10032,8809999000001,3),
(10033,8809999000005,1),
(10033,8809146890123,2),
(10034,8805555000005,5),
(10034,8801046290460,5),
(10035,8805234500005,1),
(10035,8809400001111,1),
(10036,8807134500007,5),
(10036,8805555000003,5),
(10037,8809012345000,1),
(10037,8809999000003,3),
(10038,8809012345000,5),
(10038,8801046290460,1),
(10039,8805555000003,1),
(10039,8805555000002,4),
(10040,8805555000004,1),
(10040,8809146890123,5),
(10041,8809999000005,1),
(10041,8806234500006,3),
(10042,8809400001111,1),
(10042,8805555000005,3),
(10043,8808888000005,2),
(10043,8809999000005,1),
(10044,8811111000005,1),
(10044,8811111000002,5),
(10045,8809107600814,2),
(10045,8809999000003,3),
(10046,8808888000005,5),
(10046,8811111000003,2),
(10047,8805555000004,2),
(10047,8809146890123,2),
(10048,8808888000004,3),
(10048,8803333000001,1),
(10049,8805234500005,2),
(10049,8811111000001,1),
(10050,8811111000003,5),
(10050,8809999000004,5),
(10051,8808888000002,4),
(10051,8808888000005,3),
(10052,8809309876543,1),
(10052,8802234500002,4),
(10053,8801051034851,1),
(10053,8808888000004,5),
(10054,8807777000002,2),
(10054,8809201234567,4),
(10055,8808888000005,3),
(10055,8806234500006,3),
(10056,8804234500004,5),
(10056,8807134500007,2),
(10057,8808888000002,4),
(10057,8809999000002,1),
(10058,8801111000001,2),
(10058,8805234500005,3),
(10059,8805555000001,2),
(10059,8805555000006,4),
(10060,8809999000002,4);

INSERT INTO order_list VALUES
 (1 ,8801051034851,101,'2025-05-20 09:00:00',20),
 (12,8805555000001,102,'2025-06-02 14:30:00',10),
 (33,8805555000004,105,'2025-06-08 17:00:00',15);
 


